{
    "generatedAt":  "2026-05-11T15:14:13.5886190Z",
    "projects":  {
                     "bosquesdepinula":  {
                                             "presupuestoSap":  158283328.47399998,
                                             "asignado":  154186835.89999998,
                                             "pct":  0.974119
                                         },
                     "haciendalaquerencia":  {
                                                 "presupuestoSap":  54370674.368243411,
                                                 "asignado":  20210885.09,
                                                 "pct":  0.371724
                                             },
                     "bosquessantaelena":  {
                                               "presupuestoSap":  162393291.952,
                                               "asignado":  152303879.32200003,
                                               "pct":  0.937871
                                           },
                     "condadosantaelena":  {
                                               "presupuestoSap":  144743702.9351747,
                                               "asignado":  65469616.72,
                                               "pct":  0.452314
                                           },
                     "condadolaceiba":  {
                                            "presupuestoSap":  14416623,
                                            "asignado":  6615552.15,
                                            "pct":  0.458884
                                        },
                     "reservadelbosque":  {
                                              "presupuestoSap":  103703330.0390003,
                                              "asignado":  46213030.92,
                                              "pct":  0.445627
                                          },
                     "bosquesdejalapa":  {
                                             "presupuestoSap":  99857449.53953062,
                                             "asignado":  40859486.45,
                                             "pct":  0.409178
                                         }
                 }
}